"";"MasterRow";"Song.ID";"Danceability";"Energy";"Key";"Loudness";"Mode";"Speechiness";"Acousticness";"Instrumentalness";"Liveness";"Valence";"Tempo";"Type";"Time.Signature"
"1";"1";"62tl6Ik0zDg5U1m5E8anPp";"0.651";"0.667";"8";"-5.24";"1";"0.054";"0.000601";"0.00184";"0.0773";"0.374";"159.937";"audio_features";"4"
"2";"2";"4EcYqXGZ1MOl7gBLcRO9Ya";"0.779";"0.525";"10";"-5.756";"0";"0.0487";"0.148";"0";"0.0675";"0.698";"120.018";"audio_features";"4"
"3";"3";"3NuzLWsRZXO1QsBUEWseGd";"0.751";"0.727";"10";"-9.789";"0";"0.0304";"0.0442";"0.0333";"0.1";"0.28";"119.983";"audio_features";"4"
"4";"4";"3NuzLWsRZXO1QsBUEWseGd";"0.751";"0.727";"10";"-9.789";"0";"0.0304";"0.0442";"0.0333";"0.1";"0.28";"119.983";"audio_features";"4"
"5";"5";"3NuzLWsRZXO1QsBUEWseGd";"0.751";"0.727";"10";"-9.789";"0";"0.0304";"0.0442";"0.0333";"0.1";"0.28";"119.983";"audio_features";"4"
"6";"6";"25YwwruYRtxe6RQdKtrZFS";"0.523";"0.84";"10";"-2.591";"0";"0.467";"0.0386";"0";"0.184";"0.659";"176.473";"audio_features";"4"
"7";"7";"7F6e6rBfYNVNts4vGB7qgs";"0.946";"0.628";"5";"-8.642";"0";"0.0431";"0.363";"0.407";"0.0731";"0.934";"116.949";"audio_features";"4"
"8";"8";"3DPFmwFtV5ElQaTniLOdgk";"0.956";"0.373";"6";"-7.963";"1";"0.0773";"0.569";"0.394";"0.314";"0.568";"119.994";"audio_features";"4"
"9";"9";"5E5HYgxGMp3BPakHGfKfIB";"0.462";"0.84";"2";"-6.667";"1";"0.0346";"5.05e-05";"6.47e-05";"0.0893";"0.805";"75.542";"audio_features";"4"
"10";"10";"75RjfwNH2VJD3JaBYD0pYx";"0.519";"0.688";"8";"-4.932";"0";"0.0635";"0.0245";"0.054";"0.363";"0.562";"168.123";"audio_features";"4"
"11";"11";"75RjfwNH2VJD3JaBYD0pYx";"0.519";"0.688";"8";"-4.932";"0";"0.0635";"0.0245";"0.054";"0.363";"0.562";"168.123";"audio_features";"4"
"12";"12";"7wEGeUzpPNnHKfOtSgYjG4";"0.678";"0.683";"4";"-9.802";"0";"0.0295";"0.197";"0.667";"0.0458";"0.904";"102.612";"audio_features";"4"
"13";"13";"47vzQk78oRe1g9vpT5663T";"0.702";"0.619";"10";"-8.332";"0";"0.222";"0.0895";"0";"0.101";"0.509";"168.926";"audio_features";"4"
"14";"14";"7dQLzGuOPiJ4h6sI3MXW4j";"0.552";"0.275";"10";"-11.691";"0";"0.0311";"0.349";"0.00441";"0.112";"0.148";"85.009";"audio_features";"4"
"15";"15";"54eOmDg8gQNwl0rtr2l3Wo";"0.531";"0.894";"1";"-2.406";"1";"0.217";"0.201";"0";"0.0479";"0.326";"105.155";"audio_features";"4"
"16";"16";"54eOmDg8gQNwl0rtr2l3Wo";"0.531";"0.894";"1";"-2.406";"1";"0.217";"0.201";"0";"0.0479";"0.326";"105.155";"audio_features";"4"
"17";"17";"54eOmDg8gQNwl0rtr2l3Wo";"0.531";"0.894";"1";"-2.406";"1";"0.217";"0.201";"0";"0.0479";"0.326";"105.155";"audio_features";"4"
"18";"18";"2uMqG8w8oi09fB2YA2QLOm";"0.309";"0.325";"6";"-16.4";"0";"0.0366";"0.0108";"0.854";"0.0742";"0.464";"175.88";"audio_features";"4"
"19";"19";"4cSIwCwHBx80sXjBeb9Uw1";"0.705";"0.417";"0";"-12.742";"1";"0.2";"0.143";"0.033";"0.395";"0.267";"79.001";"audio_features";"4"
"20";"20";"4cSIwCwHBx80sXjBeb9Uw1";"0.705";"0.417";"0";"-12.742";"1";"0.2";"0.143";"0.033";"0.395";"0.267";"79.001";"audio_features";"4"
"21";"21";"3I0FBDc1c1BLNtXWKVjmFg";"0.526";"0.506";"5";"-10.47";"1";"0.519";"0.341";"0";"0.646";"0.0963";"85.349";"audio_features";"3"
"22";"22";"0YOTE8vEGduSABT8QE55rK";"0.506";"0.671";"6";"-5.802";"0";"0.306";"0.0716";"0.00865";"0.765";"0.482";"75.014";"audio_features";"4"
"23";"23";"0YOTE8vEGduSABT8QE55rK";"0.506";"0.671";"6";"-5.802";"0";"0.306";"0.0716";"0.00865";"0.765";"0.482";"75.014";"audio_features";"4"
"24";"24";"71zSXauBrA6hHrkJLuxO6Y";"0.576";"0.722";"5";"-4.946";"0";"0.282";"0.462";"0";"0.117";"0.751";"153.436";"audio_features";"4"
"25";"25";"71zSXauBrA6hHrkJLuxO6Y";"0.576";"0.722";"5";"-4.946";"0";"0.282";"0.462";"0";"0.117";"0.751";"153.436";"audio_features";"4"
"26";"26";"5dJCYzLWPrhlPLhcsrkaBi";"0.669";"0.431";"6";"-6.988";"0";"0.0498";"0.304";"0.0246";"0.0829";"0.259";"180.038";"audio_features";"3"
"27";"27";"3i7md14oEEwvANtQXtTd2j";"0.88";"0.797";"1";"-5.21";"0";"0.0786";"0.0334";"0.0236";"0.335";"0.761";"120.991";"audio_features";"4"
"28";"28";"3i7md14oEEwvANtQXtTd2j";"0.88";"0.797";"1";"-5.21";"0";"0.0786";"0.0334";"0.0236";"0.335";"0.761";"120.991";"audio_features";"4"
"29";"29";"1kSWrMDt439cT64WpjJigW";"0.815";"0.72";"7";"-7.311";"1";"0.0536";"0.177";"7.31e-06";"0.16";"0.946";"89.916";"audio_features";"4"
"30";"30";"6kblAEj0T0312fv5QWsXzo";"0.761";"0.637";"7";"-8.169";"1";"0.0268";"0.439";"0.0082";"0.102";"0.656";"125.115";"audio_features";"4"
"31";"31";"53dIilYJEBNJmcIrxEhFqL";"0.714";"0.49";"0";"-11.404";"1";"0.0371";"0.439";"0.0932";"0.216";"0.841";"83.977";"audio_features";"4"
"32";"32";"46MX86XQqYCZRvwPpeq4Gi";"0.434";"0.885";"4";"-7.367";"1";"0.0396";"0.204";"0";"0.0811";"0.843";"93.999";"audio_features";"4"
"33";"33";"1tL5a9jowsWMtn3wkFYsG9";"0.679";"0.374";"11";"-10.565";"0";"0.0482";"0.402";"2.49e-05";"0.0541";"0.871";"80.86";"audio_features";"4"
"34";"34";"5PurHGjwfAQel15O4ZIiGu";"0.463";"0.933";"9";"-5.541";"1";"0.141";"0.00431";"0.637";"0.316";"0.53";"156.003";"audio_features";"1"
"35";"35";"5AQpbyFoQmkOVwmlhKN4ii";"0.705";"0.405";"11";"-15.494";"1";"0.0498";"0.746";"0.0118";"0.0829";"0.862";"183.261";"audio_features";"4"
"36";"36";"78kHHBanEhDPeKuWj4eP0s";"0.731";"0.71";"0";"-4.997";"0";"0.29";"0.534";"0";"0.112";"0.757";"90.892";"audio_features";"4"
"37";"37";"78kHHBanEhDPeKuWj4eP0s";"0.731";"0.71";"0";"-4.997";"0";"0.29";"0.534";"0";"0.112";"0.757";"90.892";"audio_features";"4"
"38";"38";"0B0jhczWfIdjY0p4KY1ArL";"0.427";"0.649";"2";"-5.324";"1";"0.105";"0.0305";"0";"0.0991";"0.213";"133.965";"audio_features";"4"
"39";"39";"0B0jhczWfIdjY0p4KY1ArL";"0.427";"0.649";"2";"-5.324";"1";"0.105";"0.0305";"0";"0.0991";"0.213";"133.965";"audio_features";"4"
"40";"40";"7vUbnU8XibkKccpuoyWqIm";"0.713";"0.675";"7";"-9.751";"1";"0.0366";"0.0177";"0.856";"0.0851";"0.845";"95.997";"audio_features";"4"
"41";"41";"4rxamav7i2lJexbuAxcvfe";"0.787";"0.255";"0";"-14.733";"1";"0.0399";"0.777";"0.00959";"0.101";"0.6";"105.97";"audio_features";"4"
"42";"42";"49FF92uImAUfwgmoJMSwGQ";"0.592";"0.686";"11";"-6.333";"0";"0.0478";"0.253";"0.000496";"0.132";"0.67";"82.449";"audio_features";"4"
"43";"43";"42QRyJd5x6e2TFR1S41g2p";"0.395";"0.33";"4";"-10.924";"0";"0.0408";"0.316";"1.89e-05";"0.268";"0.102";"98.813";"audio_features";"3"
"44";"44";"5jEHZAJlxIf6bK9LkKnRH0";"0.583";"0.527";"11";"-7.876";"1";"0.0733";"0.715";"6.7e-06";"0.154";"0.395";"97.346";"audio_features";"4"
"45";"45";"5jEHZAJlxIf6bK9LkKnRH0";"0.583";"0.527";"11";"-7.876";"1";"0.0733";"0.715";"6.7e-06";"0.154";"0.395";"97.346";"audio_features";"4"
"46";"46";"61Ivix5DTnDPVjp1dgLyov";"0.927";"0.551";"9";"-6.624";"0";"0.0921";"0.42";"0.0346";"0.298";"0.665";"123.042";"audio_features";"4"
"47";"47";"61Ivix5DTnDPVjp1dgLyov";"0.927";"0.551";"9";"-6.624";"0";"0.0921";"0.42";"0.0346";"0.298";"0.665";"123.042";"audio_features";"4"
"48";"48";"1reoxInPpViA5CdsxYW6fl";"0.466";"0.277";"10";"-7.823";"1";"0.0293";"0.639";"0.0015";"0.0865";"0.454";"97.89";"audio_features";"4"
"49";"49";"3ROfLScNbTGtKdjEzbx74b";"0.842";"0.754";"8";"-5.542";"1";"0.0841";"0.024";"0";"0.37";"0.585";"141.017";"audio_features";"4"
"50";"50";"50";"50";"50";"50";"50";"50";"50";"50";"50";"50";"50";"50";"50";"50"
"51";"51";"7LwT78ic0o30Cz8LrhkvDP";"0.644";"0.8";"1";"-7.676";"1";"0.0396";"0.0843";"0.00457";"0.233";"0.73";"87.978";"audio_features";"4"
"52";"52";"7JKYgo3fpAMRSk96fUj1Uj";"0.514";"0.774";"1";"-5.842";"1";"0.291";"0.0371";"0";"0.352";"0.595";"134.235";"audio_features";"4"
"53";"53";"7K6iiGbqmOhWFqjj0bvTKL";"0.789";"0.605";"10";"-6.744";"1";"0.292";"0.377";"0.00236";"0.129";"0.163";"127.997";"audio_features";"4"
"54";"54";"0lCwaZYSRy6q0jLmnYiQxi";"0.359";"0.959";"1";"-3.685";"1";"0.104";"0.000216";"0.00343";"0.435";"0.158";"103.038";"audio_features";"3"
"55";"55";"069xOXmb7oa81j9ARhq88Z";"0.772";"0.552";"11";"-8.695";"0";"0.263";"0.145";"0.0029";"0.179";"0.286";"99.936";"audio_features";"4"
"56";"56";"069xOXmb7oa81j9ARhq88Z";"0.772";"0.552";"11";"-8.695";"0";"0.263";"0.145";"0.0029";"0.179";"0.286";"99.936";"audio_features";"4"
"57";"57";"069xOXmb7oa81j9ARhq88Z";"0.772";"0.552";"11";"-8.695";"0";"0.263";"0.145";"0.0029";"0.179";"0.286";"99.936";"audio_features";"4"
"58";"58";"7k6phfGndOSCfL4TZRtLft";"0.755";"0.896";"2";"-9.251";"0";"0.0846";"0.0723";"2.53e-05";"0.407";"0.963";"130.35";"audio_features";"4"
"59";"59";"51R5mPcJjOnfv9lKY1u5sW";"0.436";"0.819";"0";"-6.71";"1";"0.036";"0.0171";"0.00882";"0.117";"0.405";"144.26";"audio_features";"4"
"60";"60";"25ueyWzih8QBtf7EzHc3aW";"0.592";"0.379";"10";"-12.347";"0";"0.0503";"0.833";"0.000225";"0.369";"0.814";"109.082";"audio_features";"4"
"61";"61";"1x0WbCpdSPdwVoTCdJ4pPZ";"0.567";"0.563";"8";"-6.122";"1";"0.0837";"0.128";"0.000368";"0.0986";"0.42";"94.364";"audio_features";"4"
"62";"62";"1iVxrYU3WOaApanKwWcQqB";"0.36";"0.428";"5";"-10.374";"1";"0.266";"0.746";"3.52e-05";"0.116";"0.357";"179.328";"audio_features";"4"
"63";"63";"0y658R3a6QAgpuQKT91glk";"0.706";"0.704";"8";"-7.994";"1";"0.049";"0.0266";"0.0032";"0.0729";"0.382";"84.973";"audio_features";"4"
"64";"64";"0PceGMtVEhudGibQ6Qjo0H";"0.871";"0.547";"11";"-9.586";"0";"0.26";"0.0456";"0";"0.135";"0.824";"90.837";"audio_features";"4"
"65";"65";"46Lx5epWOQBA3J86ovnxmV";"0.818";"0.57";"10";"-8.067";"0";"0.285";"0.384";"0.000102";"0.19";"0.561";"126.938";"audio_features";"4"
"66";"66";"3Jq9rsqmRtqcVKtzP9dnxZ";"0.62";"0.584";"0";"-7.891";"1";"0.155";"0.531";"0.113";"0.962";"0.766";"97.099";"audio_features";"4"
"67";"67";"6413UUgINHbZsCJeJBFlmT";"0.615";"0.475";"8";"-7.351";"0";"0.029";"0.135";"4.1e-06";"0.235";"0.378";"127.982";"audio_features";"4"
"68";"68";"0WFmZNMU5DKRZB0PlFXo5Z";"0.821";"0.423";"1";"-11.444";"0";"0.11";"0.186";"0.00564";"0.171";"0.79";"126.961";"audio_features";"4"
"69";"69";"79SwPJfANsJt3PRxlc6mQb";"0.843";"0.4";"10";"-13.121";"0";"0.168";"0.777";"0.00623";"0.27";"0.482";"94.052";"audio_features";"4"
"70";"70";"1tgi1XCjv7MLwweVRn9f9Y";"0.434";"0.852";"10";"-3.928";"1";"0.051";"0.0847";"0.000925";"0.682";"0.28";"127.953";"audio_features";"4"
"71";"71";"1tgi1XCjv7MLwweVRn9f9Y";"0.434";"0.852";"10";"-3.928";"1";"0.051";"0.0847";"0.000925";"0.682";"0.28";"127.953";"audio_features";"4"
"72";"72";"1tgi1XCjv7MLwweVRn9f9Y";"0.434";"0.852";"10";"-3.928";"1";"0.051";"0.0847";"0.000925";"0.682";"0.28";"127.953";"audio_features";"4"
"73";"73";"1tgi1XCjv7MLwweVRn9f9Y";"0.434";"0.852";"10";"-3.928";"1";"0.051";"0.0847";"0.000925";"0.682";"0.28";"127.953";"audio_features";"4"
"74";"74";"57HwKH3pHLeelTkckr94qf";"0.449";"0.541";"11";"-10.299";"0";"0.0417";"0.0873";"0";"0.17";"0.276";"125.156";"audio_features";"4"
"75";"75";"1DZFqyULjH1GplYnWa5psW";"0.79";"0.293";"0";"-10.505";"1";"0.0423";"0.929";"0.764";"0.102";"0.423";"140.022";"audio_features";"4"
"76";"76";"2ANNGdtHq25qsHbXvzZH9h";"0.631";"0.904";"1";"-2.651";"0";"0.0456";"0.0695";"0.031";"0.443";"0.223";"94.97";"audio_features";"4"
"77";"77";"2ANNGdtHq25qsHbXvzZH9h";"0.631";"0.904";"1";"-2.651";"0";"0.0456";"0.0695";"0.031";"0.443";"0.223";"94.97";"audio_features";"4"
"78";"78";"0s2daWQFrTz6UYhPQqHTYx";"0.64";"0.837";"7";"-4.204";"1";"0.0472";"0.638";"0";"0.225";"0.646";"92.013";"audio_features";"4"
"79";"79";"1ce3oqsVa2m3BZoi57SmRl";"0.396";"0.734";"6";"-7.718";"1";"0.033";"0.521";"0.957";"0.121";"0.467";"155.883";"audio_features";"4"
"80";"80";"1rn2F2ZJ8wB0P74O8ieqbX";"0.593";"0.841";"7";"-5.367";"0";"0.0484";"0.0193";"0";"0.393";"0.898";"172.06";"audio_features";"4"
"81";"81";"2dwvxOHnQjndZLowIR6PiS";"0.692";"0.421";"4";"-10.948";"1";"0.0295";"0.666";"0.147";"0.104";"0.832";"96.982";"audio_features";"4"
"82";"82";"4cQrSREMqBSvJ8ZzBZjVb8";"0.754";"0.37";"6";"-9.854";"0";"0.12";"0.403";"6.22e-05";"0.107";"0.228";"114.941";"audio_features";"4"
"83";"83";"4cQrSREMqBSvJ8ZzBZjVb8";"0.754";"0.37";"6";"-9.854";"0";"0.12";"0.403";"6.22e-05";"0.107";"0.228";"114.941";"audio_features";"4"
"84";"84";"4cQrSREMqBSvJ8ZzBZjVb8";"0.754";"0.37";"6";"-9.854";"0";"0.12";"0.403";"6.22e-05";"0.107";"0.228";"114.941";"audio_features";"4"
"85";"85";"4NZrZgrRoR4GwR7flWOXRI";"0.765";"0.327";"6";"-8.029";"1";"0.277";"0.571";"0.0479";"0.0787";"0.292";"74.931";"audio_features";"4"
"86";"86";"5uLZ3YIQGC0mOk6q3lJ6Ng";"0.417";"0.731";"11";"-4.989";"1";"0.265";"0.00525";"0.0352";"0.621";"0.575";"134.003";"audio_features";"1"
"87";"87";"5uLZ3YIQGC0mOk6q3lJ6Ng";"0.417";"0.731";"11";"-4.989";"1";"0.265";"0.00525";"0.0352";"0.621";"0.575";"134.003";"audio_features";"1"
"88";"88";"1p738XBQYwR7R1N6nURD3I";"0.492";"0.0714";"4";"-18.692";"1";"0.0547";"0.915";"4.32e-06";"0.0898";"0.185";"53.342";"audio_features";"4"
"89";"89";"6k8Z9CtoRLk9mXarke5LHQ";"0.804";"0.581";"8";"-4.733";"0";"0.107";"0.428";"0.000112";"0.17";"0.417";"95.033";"audio_features";"4"
"90";"90";"5LUJ8X9S6lJOeUwJkWqCeX";"0.353";"0.694";"10";"-7.411";"0";"0.359";"0.332";"6.19e-05";"0.611";"0.343";"89.017";"audio_features";"4"
"91";"91";"5LUJ8X9S6lJOeUwJkWqCeX";"0.353";"0.694";"10";"-7.411";"0";"0.359";"0.332";"6.19e-05";"0.611";"0.343";"89.017";"audio_features";"4"
"92";"92";"5LUJ8X9S6lJOeUwJkWqCeX";"0.353";"0.694";"10";"-7.411";"0";"0.359";"0.332";"6.19e-05";"0.611";"0.343";"89.017";"audio_features";"4"
"93";"93";"5LUJ8X9S6lJOeUwJkWqCeX";"0.353";"0.694";"10";"-7.411";"0";"0.359";"0.332";"6.19e-05";"0.611";"0.343";"89.017";"audio_features";"4"
"94";"94";"02rdJEj79nn2HCSMmsb8dY";"0.502";"0.506";"2";"-13.922";"0";"0.0611";"0.581";"0.441";"0.119";"0.51";"160.135";"audio_features";"4"
"95";"95";"6xxXrNJnnsQNLdgNk8S4y8";"0.451";"0.929";"5";"-5.021";"1";"0.0549";"0.00109";"0.00785";"0.442";"0.378";"135.767";"audio_features";"4"
"96";"96";"7mmgaVKZlU6jtVsRvoXxKu";"0.569";"0.718";"8";"-6.937";"1";"0.0371";"0.46";"0.0914";"0.352";"0.696";"83.28";"audio_features";"4"
"97";"97";"2ej1A2Ze6P2EOW7KfIosZR";"0.565";"0.749";"10";"-6.629";"0";"0.0769";"0.655";"0.432";"0.106";"0.881";"180.598";"audio_features";"4"
"98";"98";"2ej1A2Ze6P2EOW7KfIosZR";"0.565";"0.749";"10";"-6.629";"0";"0.0769";"0.655";"0.432";"0.106";"0.881";"180.598";"audio_features";"4"
"99";"99";"2ej1A2Ze6P2EOW7KfIosZR";"0.565";"0.749";"10";"-6.629";"0";"0.0769";"0.655";"0.432";"0.106";"0.881";"180.598";"audio_features";"4"
"100";"100";"100";"100";"100";"100";"100";"100";"100";"100";"100";"100";"100";"100";"100";"100"
"101";"101";"4EVpdoFt3L6sAa4hivmWz9";"0.778";"0.639";"6";"-5.985";"0";"0.0292";"0.179";"0.000934";"0.322";"0.543";"119.977";"audio_features";"4"
"102";"102";"1MD2yGSeBRALkMui1fZ05P";"0.854";"0.631";"11";"-8.197";"0";"0.0452";"0.884";"0.00999";"0.202";"0.609";"119.986";"audio_features";"4"
"103";"103";"0wCuHJTz3bPzTFdkK76Ejf";"0.764";"0.692";"6";"-7.769";"0";"0.0828";"0.148";"4.12e-05";"0.129";"0.433";"119.918";"audio_features";"4"
"104";"104";"0wCuHJTz3bPzTFdkK76Ejf";"0.764";"0.692";"6";"-7.769";"0";"0.0828";"0.148";"4.12e-05";"0.129";"0.433";"119.918";"audio_features";"4"
"105";"105";"0wCuHJTz3bPzTFdkK76Ejf";"0.764";"0.692";"6";"-7.769";"0";"0.0828";"0.148";"4.12e-05";"0.129";"0.433";"119.918";"audio_features";"4"
"106";"106";"4pdLZsxq0y5oJDb6Cxlokw";"0.725";"0.464";"11";"-9.2";"0";"0.272";"0.17";"0";"0.173";"0.689";"80.996";"audio_features";"4"
"107";"107";"4pdLZsxq0y5oJDb6Cxlokw";"0.725";"0.464";"11";"-9.2";"0";"0.272";"0.17";"0";"0.173";"0.689";"80.996";"audio_features";"4"
"108";"108";"4pdLZsxq0y5oJDb6Cxlokw";"0.725";"0.464";"11";"-9.2";"0";"0.272";"0.17";"0";"0.173";"0.689";"80.996";"audio_features";"4"
"109";"109";"4pdLZsxq0y5oJDb6Cxlokw";"0.725";"0.464";"11";"-9.2";"0";"0.272";"0.17";"0";"0.173";"0.689";"80.996";"audio_features";"4"
"110";"110";"12whPvsw1oxuuwlD27mTeb";"0.804";"0.473";"6";"-10.925";"1";"0.305";"0.0814";"4.63e-05";"0.104";"0.309";"120";"audio_features";"4"
"111";"111";"12whPvsw1oxuuwlD27mTeb";"0.804";"0.473";"6";"-10.925";"1";"0.305";"0.0814";"4.63e-05";"0.104";"0.309";"120";"audio_features";"4"
"112";"112";"1lNRVjK8MukRZpeurYssIx";"0.809";"0.575";"0";"-12.176";"1";"0.0298";"0.156";"1.65e-06";"0.0799";"0.85";"109.447";"audio_features";"4"
"113";"113";"4VNvzf9nHWAZBHAJxfzVcy";"0.542";"0.718";"2";"-5.806";"1";"0.0334";"0.577";"0.0023";"0.383";"0.484";"112.053";"audio_features";"4"
"114";"114";"5YwewdqOOG0OPhALYN1gSZ";"0.572";"0.514";"2";"-8.787";"1";"0.35";"0.296";"0";"0.671";"0.417";"129.646";"audio_features";"4"
"115";"115";"2UPiF4dyPTBKJYrvekbbis";"0.765";"0.608";"4";"-5.692";"0";"0.266";"0.0477";"0.00141";"0.0644";"0.644";"91.068";"audio_features";"4"
"116";"116";"0Z7S8ity4SYlkzbJpejd1v";"0.316";"0.748";"2";"-8.187";"1";"0.0413";"0.000304";"0.0139";"0.608";"0.256";"79.337";"audio_features";"4"
"117";"117";"3MODES4TNtygekLl146Dxd";"0.468";"0.607";"9";"-11.367";"1";"0.0336";"0.072";"0.000852";"0.225";"0.886";"98.429";"audio_features";"4"
"118";"118";"1hjOus1mOUJ5lObEg2I077";"0.767";"0.631";"0";"-9.03";"1";"0.105";"0.000602";"0.00618";"0.0673";"0.77";"163.024";"audio_features";"4"
"119";"119";"1hjOus1mOUJ5lObEg2I077";"0.767";"0.631";"0";"-9.03";"1";"0.105";"0.000602";"0.00618";"0.0673";"0.77";"163.024";"audio_features";"4"
"120";"120";"4dTtYVQzlwBMpVyQ4h3wy2";"0.622";"0.711";"10";"-8.213";"1";"0.414";"0.186";"0";"0.107";"0.734";"173.396";"audio_features";"4"
"121";"121";"4dTtYVQzlwBMpVyQ4h3wy2";"0.622";"0.711";"10";"-8.213";"1";"0.414";"0.186";"0";"0.107";"0.734";"173.396";"audio_features";"4"
"122";"122";"5t9KYe0Fhd5cW6UYT4qP8f";"0.396";"0.473";"10";"-7.67";"0";"0.0345";"0.326";"0.000124";"0.109";"0.385";"133.449";"audio_features";"4"
"123";"123";"6F2czMu3r2orV7CR3uMfqE";"0.554";"0.517";"5";"-7.519";"1";"0.0363";"0.638";"1.98e-05";"0.109";"0.625";"114.375";"audio_features";"4"
"124";"124";"20svOpmCQao5GUBgSu8zDe";"0.494";"0.194";"0";"-8.965";"1";"0.0352";"0.699";"2.98e-05";"0.0803";"0.161";"135.753";"audio_features";"3"
"125";"125";"2uujJLrRplaQMkEx8CybZ8";"0.447";"0.422";"1";"-11.076";"0";"0.167";"0.872";"5.6e-06";"0.102";"0.77";"165.695";"audio_features";"4"
"126";"126";"5mfi1uHMgbzpQ8lrvW3BMO";"0.576";"0.192";"8";"-13.698";"0";"0.0481";"0.917";"0.712";"0.108";"0.169";"106.05";"audio_features";"4"
"127";"127";"57RHMnLMQx8Qz5V6c0E8dF";"0.666";"0.785";"4";"-5.37";"0";"0.0308";"0.0981";"0.0198";"0.434";"0.549";"122.973";"audio_features";"4"
"128";"128";"5fp7TUlIjOMdhNMkJJIvgx";"0.615";"0.782";"9";"-4.683";"1";"0.0346";"0.127";"0.00165";"0.078";"0.902";"105.736";"audio_features";"4"
"129";"129";"4RnVaUB8Y4uUXulvW0xXmc";"0.805";"0.855";"7";"-6.636";"1";"0.108";"0.0475";"0.0158";"0.0747";"0.154";"116.967";"audio_features";"4"
"130";"130";"5vL0KBvhuuFbF8PZTBnSN7";"0.713";"0.783";"3";"-5.647";"0";"0.0302";"0.0691";"0.397";"0.0709";"0.689";"92.016";"audio_features";"4"
"131";"131";"4DCCMtWcfWWlGg4EIK79Md";"0.693";"0.753";"0";"-8.43";"1";"0.0323";"0.203";"0.0048";"0.197";"0.67";"116.743";"audio_features";"4"
"132";"132";"7dL8FCLzEaWC2A3qWQuz1q";"0.642";"0.397";"6";"-16.842";"1";"0.0639";"0.461";"0.000834";"0.106";"0.798";"84.064";"audio_features";"4"
"133";"133";"5r5Lj2MkgwQJz6TaBdL865";"0.543";"0.946";"2";"-0.734";"1";"0.0454";"0.00614";"1.49e-05";"0.106";"0.547";"117.962";"audio_features";"4"
"134";"134";"6MTA4AwgmjVASTXpBEwvn8";"0.692";"0.655";"9";"-5.758";"1";"0.0482";"0.0224";"0.0519";"0.11";"0.4";"141.015";"audio_features";"4"
"135";"135";"62p6fF2r4NY6pwZbxxvmr8";"0.539";"0.866";"0";"-8.404";"1";"0.0483";"0.0866";"0.00414";"0.0953";"0.761";"130.345";"audio_features";"4"
"136";"136";"5nYJgmQzRcPnvqLzoRycUQ";"0.582";"0.878";"8";"-4.527";"1";"0.129";"0.0724";"4.99e-06";"0.0801";"0.407";"128.045";"audio_features";"4"
"137";"137";"4sNG6zQBmtq7M8aeeKJRMQ";"0.687";"0.617";"4";"-5.213";"1";"0.0287";"0.0941";"1.32e-05";"0.0898";"0.665";"121.08";"audio_features";"4"
"138";"138";"7egTKPYxbWaaV1jEzb1rHu";"0.317";"0.454";"9";"-8.161";"0";"0.0337";"0.907";"0.0022";"0.113";"0.395";"178.73";"audio_features";"3"
"139";"139";"13IuEqSTQaBHMFeuAF1rry";"0.443";"0.0343";"2";"-23.371";"0";"0.0415";"0.959";"0.92";"0.107";"0.0399";"65.419";"audio_features";"3"
"140";"140";"6VPvz8SZWRFEoawyUTvQTt";"0.816";"0.755";"8";"-4.942";"1";"0.0828";"0.473";"2.66e-06";"0.178";"0.735";"120.008";"audio_features";"4"
"141";"141";"0UDhjfa51XnpXxNyALLbko";"0.764";"0.186";"4";"-14.824";"1";"0.0799";"0.816";"0.0223";"0.113";"0.626";"143.94";"audio_features";"4"
"142";"142";"4p82pfEa4cayPqXLN6Rhzm";"0.376";"0.736";"4";"-9.438";"0";"0.0412";"0.326";"0.105";"0.107";"0.796";"185.12";"audio_features";"3"
"143";"143";"4knVifz5rbSe6vHjBD3tPd";"0.577";"0.83";"7";"-9.888";"1";"0.0585";"0.365";"0.0115";"0.0759";"0.687";"142.385";"audio_features";"4"
"144";"144";"0aocB2ukxn2Gy663wEEW3j";"0.703";"0.571";"1";"-13.1";"1";"0.107";"0.206";"0.298";"0.15";"0.26";"117.95";"audio_features";"4"
"145";"145";"0aocB2ukxn2Gy663wEEW3j";"0.703";"0.571";"1";"-13.1";"1";"0.107";"0.206";"0.298";"0.15";"0.26";"117.95";"audio_features";"4"
"146";"146";"04HSrx46qlPvnEiObsRr5f";"0.679";"0.534";"8";"-12.629";"1";"0.0327";"0.434";"0.645";"0.222";"0.825";"123.513";"audio_features";"4"
"147";"147";"04HSrx46qlPvnEiObsRr5f";"0.679";"0.534";"8";"-12.629";"1";"0.0327";"0.434";"0.645";"0.222";"0.825";"123.513";"audio_features";"4"
"148";"148";"6bTn1ovliI0OkjUNkiMBJq";"0.398";"0.716";"0";"-5.254";"1";"0.0392";"0.0764";"0";"0.0848";"0.494";"117.295";"audio_features";"4"
"149";"149";"36rqjSUBaArtMBLWrzwInc";"0.573";"0.473";"8";"-10.839";"0";"0.0268";"0.0944";"0.397";"0.199";"0.515";"77.494";"audio_features";"4"
"150";"150";"150";"150";"150";"150";"150";"150";"150";"150";"150";"150";"150";"150";"150";"150"
"151";"151";"1ZZaZVYMURipAsSqa3sG57";"0.677";"0.457";"9";"-9.42";"0";"0.24";"0.416";"0";"0.0896";"0.861";"79.152";"audio_features";"4"
"152";"152";"5FX89IUKm9QJT9ymrmyK4k";"0.865";"0.472";"11";"-7.359";"0";"0.237";"0.223";"5.39e-05";"0.109";"0.843";"130.011";"audio_features";"4"
"153";"153";"7nRgXWoPQDLYoinFlw0gqU";"0.606";"0.775";"0";"-6.038";"0";"0.04";"0.0086";"0.498";"0.305";"0.508";"140.013";"audio_features";"4"
"154";"154";"7nRgXWoPQDLYoinFlw0gqU";"0.606";"0.775";"0";"-6.038";"0";"0.04";"0.0086";"0.498";"0.305";"0.508";"140.013";"audio_features";"4"
"155";"155";"64GVW8hXaMTe7sMokBSKNc";"0.611";"0.537";"6";"-7.187";"1";"0.0329";"0.206";"0.00531";"0.109";"0.233";"80.001";"audio_features";"4"
"156";"156";"64GVW8hXaMTe7sMokBSKNc";"0.611";"0.537";"6";"-7.187";"1";"0.0329";"0.206";"0.00531";"0.109";"0.233";"80.001";"audio_features";"4"
"157";"157";"4zvHZWOGyL7WcmqHOgtGCW";"0.431";"0.669";"2";"-10.065";"1";"0.035";"0.0252";"0.0433";"0.117";"0.855";"203.906";"audio_features";"4"
"158";"158";"683b4ikwa62JevCjwrmfg6";"0.606";"0.282";"9";"-12.207";"0";"0.0339";"0.501";"8.3e-06";"0.152";"0.563";"67.409";"audio_features";"4"
"159";"159";"1TO3lTPLvp35VnrqCqYsmR";"0.553";"0.679";"5";"-6.422";"1";"0.027";"0.169";"0.0606";"0.231";"0.856";"145.239";"audio_features";"4"
"160";"160";"7otz0Bo4orUxz1a0CQSofH";"0.805";"0.573";"1";"-6.368";"1";"0.247";"0.0739";"0";"0.0868";"0.765";"82.52";"audio_features";"4"
"161";"161";"7otz0Bo4orUxz1a0CQSofH";"0.805";"0.573";"1";"-6.368";"1";"0.247";"0.0739";"0";"0.0868";"0.765";"82.52";"audio_features";"4"
"162";"162";"0G6ExlA2fcJIDGoayswUNT";"0.704";"0.231";"11";"-14.577";"1";"0.256";"0.856";"0.0525";"0.109";"0.532";"84.634";"audio_features";"4"
"163";"163";"0G6ExlA2fcJIDGoayswUNT";"0.704";"0.231";"11";"-14.577";"1";"0.256";"0.856";"0.0525";"0.109";"0.532";"84.634";"audio_features";"4"
"164";"164";"6ImxYXeLDQPIv4qo7bMhSk";"0.654";"0.555";"7";"-8.24";"1";"0.052";"0.0347";"0";"0.17";"0.11";"107.535";"audio_features";"4"
"165";"165";"6ImxYXeLDQPIv4qo7bMhSk";"0.654";"0.555";"7";"-8.24";"1";"0.052";"0.0347";"0";"0.17";"0.11";"107.535";"audio_features";"4"
"166";"166";"5zeHPXAabLEyNMLD17IuRz";"0.562";"0.925";"2";"-5.456";"1";"0.0316";"0.00245";"0.739";"0.0929";"0.677";"123.024";"audio_features";"4"
"167";"167";"2DHNCWZYmVr1Lv08q5b0kB";"0.569";"0.484";"3";"-6.95";"0";"0.128";"0.286";"5.39e-05";"0.109";"0.45";"96.94";"audio_features";"4"
"168";"168";"1Y2ExJJ9Dmb9po8K0ybSj3";"0.358";"0.889";"1";"-8.045";"1";"0.336";"0.266";"1.48e-05";"0.172";"0.665";"85.619";"audio_features";"4"
"169";"169";"4t1dkVSUytQdV6VstXWPmN";"0.714";"0.747";"0";"-6.505";"0";"0.0393";"0.533";"0.00893";"0.125";"0.0971";"100.043";"audio_features";"4"
"170";"170";"4t1dkVSUytQdV6VstXWPmN";"0.714";"0.747";"0";"-6.505";"0";"0.0393";"0.533";"0.00893";"0.125";"0.0971";"100.043";"audio_features";"4"
"171";"171";"4gdQ8QShlC3toP9Mkc8DwB";"0.75";"0.771";"11";"-5.623";"1";"0.21";"0.0287";"0";"0.109";"0.822";"83.064";"audio_features";"4"
"172";"172";"4gdQ8QShlC3toP9Mkc8DwB";"0.75";"0.771";"11";"-5.623";"1";"0.21";"0.0287";"0";"0.109";"0.822";"83.064";"audio_features";"4"
"173";"173";"6jiZaAtzNs8kn9po8V7OGD";"0.347";"0.608";"2";"-9.682";"1";"0.032";"0.541";"0.222";"0.107";"0.794";"145.302";"audio_features";"4"
"174";"174";"6jiZaAtzNs8kn9po8V7OGD";"0.347";"0.608";"2";"-9.682";"1";"0.032";"0.541";"0.222";"0.107";"0.794";"145.302";"audio_features";"4"
"175";"175";"2lpygKqzPFtItQ4ss3cgfb";"0.545";"0.534";"8";"-6.874";"0";"0.047";"0.235";"0";"0.345";"0.24";"140.021";"audio_features";"4"
"176";"176";"2lpygKqzPFtItQ4ss3cgfb";"0.545";"0.534";"8";"-6.874";"0";"0.047";"0.235";"0";"0.345";"0.24";"140.021";"audio_features";"4"
"177";"177";"3XFwOQU8wxXWl8Rxj3lrOi";"0.732";"0.69";"4";"-7.745";"0";"0.174";"0.538";"9.37e-05";"0.191";"0.636";"117.157";"audio_features";"4"
"178";"178";"3XFwOQU8wxXWl8Rxj3lrOi";"0.732";"0.69";"4";"-7.745";"0";"0.174";"0.538";"9.37e-05";"0.191";"0.636";"117.157";"audio_features";"4"
"179";"179";"3XFwOQU8wxXWl8Rxj3lrOi";"0.732";"0.69";"4";"-7.745";"0";"0.174";"0.538";"9.37e-05";"0.191";"0.636";"117.157";"audio_features";"4"
"180";"180";"3XFwOQU8wxXWl8Rxj3lrOi";"0.732";"0.69";"4";"-7.745";"0";"0.174";"0.538";"9.37e-05";"0.191";"0.636";"117.157";"audio_features";"4"
"181";"181";"13XvShB9GPpai2JhSIIgHY";"0.805";"0.439";"1";"-9.605";"1";"0.365";"0.357";"0";"0.162";"0.329";"150.032";"audio_features";"4"
"182";"182";"0FZ4Dmg8jJJAPJnvBIzD9z";"0.861";"0.603";"8";"-5.788";"0";"0.176";"0.0521";"0";"0.0924";"0.504";"98.043";"audio_features";"4"
"183";"183";"0FZ4Dmg8jJJAPJnvBIzD9z";"0.861";"0.603";"8";"-5.788";"0";"0.176";"0.0521";"0";"0.0924";"0.504";"98.043";"audio_features";"4"
"184";"184";"0FZ4Dmg8jJJAPJnvBIzD9z";"0.861";"0.603";"8";"-5.788";"0";"0.176";"0.0521";"0";"0.0924";"0.504";"98.043";"audio_features";"4"
"185";"185";"2BY7ALEWdloFHgQZG6VMLA";"0.719";"0.768";"1";"-7.528";"0";"0.0766";"0.54";"1.59e-05";"0.146";"0.772";"125.315";"audio_features";"4"
"186";"186";"2MM8qDOkfV1natcOHC5kER";"0.469";"0.477";"3";"-4.978";"0";"0.0369";"0.269";"2.21e-06";"0.0769";"0.365";"111.484";"audio_features";"4"
"187";"187";"0bxoiLuzBhL2B3ODrAU6cp";"0.722";"0.558";"6";"-8.592";"1";"0.308";"0.046";"0.000931";"0.188";"0.491";"95.54";"audio_features";"4"
"188";"188";"0bxoiLuzBhL2B3ODrAU6cp";"0.722";"0.558";"6";"-8.592";"1";"0.308";"0.046";"0.000931";"0.188";"0.491";"95.54";"audio_features";"4"
"189";"189";"5CMjjywI0eZMixPeqNd75R";"0.832";"0.659";"10";"-7.828";"0";"0.057";"0.0839";"0.00114";"0.0753";"0.674";"100.163";"audio_features";"4"
"190";"190";"5CMjjywI0eZMixPeqNd75R";"0.832";"0.659";"10";"-7.828";"0";"0.057";"0.0839";"0.00114";"0.0753";"0.674";"100.163";"audio_features";"4"
"191";"191";"4yrM5BVyJzy5Ed4GPO6e8j";"0.805";"0.387";"8";"-13.233";"0";"0.0562";"0.0315";"0.0969";"0.0806";"0.701";"114.867";"audio_features";"4"
"192";"192";"0mGJYajNW8Y4T9NxnD6P79";"0.857";"0.368";"7";"-10.87";"1";"0.0409";"0.0611";"0.000548";"0.0703";"0.725";"97.513";"audio_features";"4"
"193";"193";"4ADsYu1V5CpFLXNve7iK4Z";"0.708";"0.793";"5";"-5.426";"0";"0.0341";"0.0138";"0.00227";"0.118";"0.735";"122.014";"audio_features";"4"
"194";"194";"4ej94zqr9xYLbWphCH3TcD";"0.552";"0.741";"11";"-5.419";"0";"0.0542";"0.284";"8.2e-05";"0.334";"0.718";"69.709";"audio_features";"4"
"195";"195";"4ej94zqr9xYLbWphCH3TcD";"0.552";"0.741";"11";"-5.419";"0";"0.0542";"0.284";"8.2e-05";"0.334";"0.718";"69.709";"audio_features";"4"
"196";"196";"4ej94zqr9xYLbWphCH3TcD";"0.552";"0.741";"11";"-5.419";"0";"0.0542";"0.284";"8.2e-05";"0.334";"0.718";"69.709";"audio_features";"4"
"197";"197";"43sdRsmJFcSnlTWTVRhYtz";"0.71";"0.164";"0";"-20.069";"1";"0.0457";"0.382";"0.273";"0.11";"0.435";"73.886";"audio_features";"4"
"198";"198";"61oqzUM14vEnW5pV9f3qOc";"0.673";"0.663";"5";"-7.159";"0";"0.363";"0.0776";"0";"0.186";"0.373";"107.79";"audio_features";"4"
"199";"199";"61oqzUM14vEnW5pV9f3qOc";"0.673";"0.663";"5";"-7.159";"0";"0.363";"0.0776";"0";"0.186";"0.373";"107.79";"audio_features";"4"
"200";"200";"200";"200";"200";"200";"200";"200";"200";"200";"200";"200";"200";"200";"200";"200"
"201";"201";"40WXqoyOLAAugGmJWZU1FY";"0.711";"0.468";"4";"-4.797";"0";"0.0515";"0.63";"0.00427";"0.087";"0.533";"127.458";"audio_features";"4"
"202";"202";"6U8wLl0pMsgS1Lcql3nQjH";"0.63";"0.449";"6";"-8.549";"0";"0.252";"0.814";"0.575";"0.106";"0.0738";"158.861";"audio_features";"4"
"203";"203";"4mbOTHs6heygME9uDHg0mf";"0.567";"0.675";"5";"-6.699";"0";"0.219";"0.335";"0";"0.247";"0.651";"167.737";"audio_features";"4"
"204";"204";"4mbOTHs6heygME9uDHg0mf";"0.567";"0.675";"5";"-6.699";"0";"0.219";"0.335";"0";"0.247";"0.651";"167.737";"audio_features";"4"
"205";"205";"21w773khV5sfsFJINazxSW";"0.41";"0.729";"5";"-6.785";"1";"0.0496";"0.29";"0";"0.0878";"0.351";"76.898";"audio_features";"4"
"206";"206";"2gEmgpnxseKEVRTwkSGopN";"0.51";"0.0671";"3";"-12.163";"0";"0.0689";"0.744";"0";"0.166";"0.197";"106.017";"audio_features";"3"
"207";"207";"2gEmgpnxseKEVRTwkSGopN";"0.51";"0.0671";"3";"-12.163";"0";"0.0689";"0.744";"0";"0.166";"0.197";"106.017";"audio_features";"3"
"208";"208";"5KsLlcmWDoHUoJFzRw14wD";"0.758";"0.465";"7";"-6.547";"1";"0.0374";"0.489";"5.21e-05";"0.116";"0.759";"138.902";"audio_features";"4"
"209";"209";"300DUx4tdtCdGEUXR032jA";"0.447";"0.625";"10";"-8.212";"0";"0.323";"0.0351";"0.000727";"0.243";"0.261";"67.104";"audio_features";"4"
"210";"210";"300DUx4tdtCdGEUXR032jA";"0.447";"0.625";"10";"-8.212";"0";"0.323";"0.0351";"0.000727";"0.243";"0.261";"67.104";"audio_features";"4"
"211";"211";"300DUx4tdtCdGEUXR032jA";"0.447";"0.625";"10";"-8.212";"0";"0.323";"0.0351";"0.000727";"0.243";"0.261";"67.104";"audio_features";"4"
"212";"212";"4n6z0yh2ZpoGh0RNyGVu52";"0.465";"0.714";"11";"-6.611";"0";"0.0317";"0.00591";"0.624";"0.16";"0.294";"140.026";"audio_features";"4"
"213";"213";"69ZGaXg5BV9HRxOgexbu6N";"0.786";"0.921";"0";"-6.842";"1";"0.101";"0.0552";"0.00178";"0.0629";"0.621";"118.373";"audio_features";"4"
"214";"214";"5GO4rpfnM2lghVqEulTJUf";"0.715";"0.701";"11";"-7.571";"0";"0.23";"0.21";"3.43e-06";"0.071";"0.817";"95.16";"audio_features";"4"
"215";"215";"5GO4rpfnM2lghVqEulTJUf";"0.715";"0.701";"11";"-7.571";"0";"0.23";"0.21";"3.43e-06";"0.071";"0.817";"95.16";"audio_features";"4"
"216";"216";"5GO4rpfnM2lghVqEulTJUf";"0.715";"0.701";"11";"-7.571";"0";"0.23";"0.21";"3.43e-06";"0.071";"0.817";"95.16";"audio_features";"4"
"217";"217";"75i46NeSscgcmzcWrs0GQK";"0.759";"0.532";"1";"-7.45";"0";"0.074";"0.154";"2.21e-06";"0.105";"0.701";"146.037";"audio_features";"4"
"218";"218";"75i46NeSscgcmzcWrs0GQK";"0.759";"0.532";"1";"-7.45";"0";"0.074";"0.154";"2.21e-06";"0.105";"0.701";"146.037";"audio_features";"4"
"219";"219";"5cfIibuUGxlrdXcNaWmAnQ";"0.586";"0.724";"0";"-6.102";"1";"0.265";"0.567";"7.98e-06";"0.105";"0.504";"85.08";"audio_features";"4"
"220";"220";"5cfIibuUGxlrdXcNaWmAnQ";"0.586";"0.724";"0";"-6.102";"1";"0.265";"0.567";"7.98e-06";"0.105";"0.504";"85.08";"audio_features";"4"
"221";"221";"5cfIibuUGxlrdXcNaWmAnQ";"0.586";"0.724";"0";"-6.102";"1";"0.265";"0.567";"7.98e-06";"0.105";"0.504";"85.08";"audio_features";"4"
"222";"222";"3AM2ihc5RFzbC47eCpTg2I";"0.733";"0.912";"8";"-3.239";"0";"0.223";"0.223";"0";"0.206";"0.888";"89.947";"audio_features";"4"
"223";"223";"3zwqvrTgqQec2ffP3lAKb9";"0.518";"0.73";"6";"-6.596";"1";"0.401";"0.536";"0.000106";"0.142";"0.604";"166.441";"audio_features";"4"
"224";"224";"3zwqvrTgqQec2ffP3lAKb9";"0.518";"0.73";"6";"-6.596";"1";"0.401";"0.536";"0.000106";"0.142";"0.604";"166.441";"audio_features";"4"
"225";"225";"3zwqvrTgqQec2ffP3lAKb9";"0.518";"0.73";"6";"-6.596";"1";"0.401";"0.536";"0.000106";"0.142";"0.604";"166.441";"audio_features";"4"
"226";"226";"3zwqvrTgqQec2ffP3lAKb9";"0.518";"0.73";"6";"-6.596";"1";"0.401";"0.536";"0.000106";"0.142";"0.604";"166.441";"audio_features";"4"
"227";"227";"0QVj6UjhT2QBE7dd3HNrPx";"0.641";"0.72";"4";"-6.005";"0";"0.146";"0.177";"0.000118";"0.462";"0.777";"118.448";"audio_features";"4"
"228";"228";"6EuudaFtwibd4tzcWjonb2";"0.741";"0.612";"0";"-11.048";"1";"0.0622";"0.242";"0";"0.111";"0.812";"108.758";"audio_features";"4"
"229";"229";"2yBVeksU2EtrPJbTu4ZslK";"0.758";"0.378";"8";"-15.308";"0";"0.0449";"0.284";"0";"0.049";"0.985";"120.736";"audio_features";"4"
"230";"230";"4QBs03zMdjDtS6ZRAdojDv";"0.668";"0.524";"1";"-8.381";"0";"0.0391";"0.585";"0.397";"0.252";"0.621";"139.901";"audio_features";"4"
"231";"231";"4vgXDV9qcqnwMQkdyGLSpL";"0.679";"0.735";"2";"-6.218";"0";"0.136";"0.23";"0.602";"0.148";"0.603";"107.998";"audio_features";"4"
"232";"232";"3jwtAvbYIqd1maiNMzUTks";"0.412";"0.333";"1";"-15.88";"1";"0.049";"0.702";"0.00816";"0.702";"0.447";"78.875";"audio_features";"4"
"233";"233";"3uy0jtkM8QYVTsBazkli1x";"0.915";"0.807";"6";"-9.636";"0";"0.13";"0.011";"0.000122";"0.201";"0.708";"127.35";"audio_features";"4"
"234";"234";"3uy0jtkM8QYVTsBazkli1x";"0.915";"0.807";"6";"-9.636";"0";"0.13";"0.011";"0.000122";"0.201";"0.708";"127.35";"audio_features";"4"
"235";"235";"5qm0KiVKMXW1kq6VrnIhz5";"0.455";"0.765";"7";"-11.99";"1";"0.041";"0.157";"0.212";"0.244";"0.288";"94.851";"audio_features";"4"
"236";"236";"6GMblDhPDP420uc77vmqTc";"0.315";"0.227";"5";"-13.27";"0";"0.0313";"0.904";"0";"0.377";"0.199";"140.071";"audio_features";"4"
"237";"237";"4M2t7bP4Mq87mGMn0PObUX";"0.667";"0.558";"4";"-11.341";"0";"0.0433";"0.0992";"6.89e-06";"0.225";"0.647";"89.179";"audio_features";"4"
"238";"238";"4vDQMtAXkPwRxEqM8oXtMQ";"0.618";"0.498";"3";"-8.29";"1";"0.0259";"0.0645";"0.0301";"0.291";"0.818";"80.055";"audio_features";"4"
"239";"239";"5vlOwOVK0gBhWZ1tNZ3gUV";"0.506";"0.401";"2";"-9.857";"1";"0.0299";"0.618";"0.000591";"0.383";"0.09";"117.281";"audio_features";"4"
"240";"240";"4Oi3JFZ5fFzr2lqHiRQUUO";"0.439";"0.299";"5";"-11.322";"0";"0.0416";"0.663";"1.31e-05";"0.375";"0.332";"84.867";"audio_features";"3"
"241";"241";"1civhYY4K9UCUwFAA3YyDD";"0.698";"0.532";"9";"-9.213";"0";"0.223";"0.00987";"0.000142";"0.795";"0.625";"94.002";"audio_features";"4"
"242";"242";"1civhYY4K9UCUwFAA3YyDD";"0.698";"0.532";"9";"-9.213";"0";"0.223";"0.00987";"0.000142";"0.795";"0.625";"94.002";"audio_features";"4"
"243";"243";"1civhYY4K9UCUwFAA3YyDD";"0.698";"0.532";"9";"-9.213";"0";"0.223";"0.00987";"0.000142";"0.795";"0.625";"94.002";"audio_features";"4"
"244";"244";"6gIM8RWaTNL96Juv4gPSQX";"0.62";"0.643";"6";"-6.597";"0";"0.301";"0.278";"0";"0.156";"0.15";"155.894";"audio_features";"4"
"245";"245";"6gIM8RWaTNL96Juv4gPSQX";"0.62";"0.643";"6";"-6.597";"0";"0.301";"0.278";"0";"0.156";"0.15";"155.894";"audio_features";"4"
"246";"246";"7z6pDIQFv510mRKfyEjHR1";"0.488";"0.796";"7";"-8.63";"0";"0.036";"0.0991";"0.0574";"0.239";"0.656";"137.016";"audio_features";"4"
"247";"247";"6Z4hF913CqvzvzoeTr337b";"0.475";"0.529";"7";"-7.813";"1";"0.0323";"0.603";"0.0168";"0.113";"0.237";"77.519";"audio_features";"4"
"248";"248";"2Mb3zpobD0CvJGWv6NpsPy";"0.761";"0.683";"2";"-10.889";"1";"0.164";"0.141";"0";"0.342";"0.671";"101.787";"audio_features";"4"
"249";"249";"6dmJzZNWQQEjdCVZPVUfLn";"0.834";"0.826";"1";"-7.429";"0";"0.157";"0.0429";"0";"0.0932";"0.819";"92.009";"audio_features";"4"
"250";"250";"250";"250";"250";"250";"250";"250";"250";"250";"250";"250";"250";"250";"250";"250"
"251";"251";"0o1yupLwR1vjnEWbLPQqrO";"0.554";"0.68";"2";"-5.652";"1";"0.027";"0.00636";"0.0237";"0.102";"0.562";"116.013";"audio_features";"4"
"252";"252";"7lVoniii4QwhNjCeHij2xZ";"0.741";"0.752";"2";"-4.968";"1";"0.0386";"0.00834";"0.00165";"0.0438";"0.609";"114.02";"audio_features";"4"
"253";"253";"02vbwgCw4piXoMteswBt5I";"0.908";"0.417";"10";"-8.244";"0";"0.255";"0.0452";"0.0824";"0.0895";"0.81";"104.504";"audio_features";"4"
"254";"254";"02vbwgCw4piXoMteswBt5I";"0.908";"0.417";"10";"-8.244";"0";"0.255";"0.0452";"0.0824";"0.0895";"0.81";"104.504";"audio_features";"4"
"255";"255";"3pJJmtKV0ULcMJkx8xmYgP";"0.759";"0.468";"10";"-7.969";"1";"0.0464";"0.934";"0.102";"0.115";"0.347";"119.872";"audio_features";"4"
"256";"256";"0XLtaEZAVBOe3kp4tN2vgr";"0.633";"0.392";"5";"-12.604";"0";"0.0384";"0.859";"0.93";"0.0817";"0.421";"151.998";"audio_features";"4"
"257";"257";"5AJrhrwz4oSZX2PwwV4qrN";"0.537";"0.7";"4";"-6.852";"0";"0.0366";"0.142";"1.58e-06";"0.383";"0.695";"117.111";"audio_features";"4"
"258";"258";"70QqoQ3krRFUHfEzit7vjT";"0.747";"0.422";"7";"-10.008";"1";"0.0294";"0.664";"0.00277";"0.392";"0.595";"111.141";"audio_features";"4"
"259";"259";"63BokRfXSQhEU6Qi2dSJpZ";"0.886";"0.512";"10";"-11.825";"0";"0.237";"0.207";"0";"0.0991";"0.454";"93.997";"audio_features";"4"
"260";"260";"0hNhlwnzMLzZSlKGDCuHOo";"0.509";"0.79";"0";"-7.105";"0";"0.0293";"0.218";"0.125";"0.144";"0.625";"147.073";"audio_features";"4"
"261";"261";"1jzIJcHCXneHw7ojC6LXiF";"0.538";"0.612";"2";"-6.02";"1";"0.424";"0.308";"0";"0.213";"0.684";"168.197";"audio_features";"4"
"262";"262";"1jzIJcHCXneHw7ojC6LXiF";"0.538";"0.612";"2";"-6.02";"1";"0.424";"0.308";"0";"0.213";"0.684";"168.197";"audio_features";"4"
"263";"263";"3Zau3JcrZcBfw8aVjKGkSX";"0.523";"0.539";"5";"-9.642";"1";"0.564";"0.704";"1.19e-05";"0.0952";"0.415";"84.266";"audio_features";"4"
"264";"264";"5dcZUsgcMW57ju0A379O7c";"0.784";"0.55";"8";"-8.645";"1";"0.0632";"0.551";"0.000607";"0.0899";"0.715";"81.676";"audio_features";"4"
"265";"265";"7qPdc4CH1GGZaHBImyoZ69";"0.667";"0.407";"9";"-9.467";"1";"0.0321";"0.135";"0.121";"0.0961";"0.547";"73.998";"audio_features";"4"
"266";"266";"7BpBtD7M2gVdAnKBkhSWPc";"0.339";"0.881";"7";"-3.095";"1";"0.0705";"0.0299";"0";"0.361";"0.359";"117.332";"audio_features";"4"
"267";"267";"4bPmRHcLjnmKvNmAWBj19z";"0.685";"0.571";"10";"-7.755";"0";"0.413";"0.244";"0";"0.118";"0.384";"119.33";"audio_features";"5"
"268";"268";"4bPmRHcLjnmKvNmAWBj19z";"0.685";"0.571";"10";"-7.755";"0";"0.413";"0.244";"0";"0.118";"0.384";"119.33";"audio_features";"5"
"269";"269";"4bPmRHcLjnmKvNmAWBj19z";"0.685";"0.571";"10";"-7.755";"0";"0.413";"0.244";"0";"0.118";"0.384";"119.33";"audio_features";"5"
"270";"270";"5e9TFTbltYBg2xThimr0rU";"0.545";"0.67";"9";"-8.81";"1";"0.0496";"0.009";"0.000822";"0.0451";"0.481";"151.553";"audio_features";"4"
"271";"271";"0shK5iZQppbHPQYiy60xs9";"0.792";"0.701";"6";"-7.198";"0";"0.283";"0.104";"0";"0.761";"0.251";"103.888";"audio_features";"4"
"272";"272";"1nzLNeyk835Q9h1zPS4gr9";"0.383";"0.765";"6";"-7.295";"1";"0.0539";"0.00371";"6.08e-05";"0.101";"0.16";"177.89";"audio_features";"4"
"273";"273";"1nzLNeyk835Q9h1zPS4gr9";"0.383";"0.765";"6";"-7.295";"1";"0.0539";"0.00371";"6.08e-05";"0.101";"0.16";"177.89";"audio_features";"4"
"274";"274";"1nzLNeyk835Q9h1zPS4gr9";"0.383";"0.765";"6";"-7.295";"1";"0.0539";"0.00371";"6.08e-05";"0.101";"0.16";"177.89";"audio_features";"4"
"275";"275";"48Y9pNe30o273HGYKyMKj9";"0.475";"0.579";"1";"-9.061";"1";"0.165";"0.0344";"0.000192";"0.674";"0.475";"103.288";"audio_features";"4"
"276";"276";"48Y9pNe30o273HGYKyMKj9";"0.475";"0.579";"1";"-9.061";"1";"0.165";"0.0344";"0.000192";"0.674";"0.475";"103.288";"audio_features";"4"
"277";"277";"0q21FNwES2bbtcduB6kjEU";"0.657";"0.435";"10";"-15.707";"1";"0.0552";"0.739";"0";"0.167";"0.771";"135.975";"audio_features";"4"
"278";"278";"4gX5wWBuArhoyV17bVPeBb";"0.426";"0.912";"1";"-3.183";"0";"0.457";"0.00224";"0";"0.317";"0.61";"180.282";"audio_features";"4"
"279";"279";"4gX5wWBuArhoyV17bVPeBb";"0.426";"0.912";"1";"-3.183";"0";"0.457";"0.00224";"0";"0.317";"0.61";"180.282";"audio_features";"4"
"280";"280";"4OTzYYMAUUV30VRCZSbmJ2";"0.395";"0.716";"2";"-5.908";"1";"0.0598";"0.517";"0.00171";"0.208";"0.408";"79.189";"audio_features";"4"
"281";"281";"1kPBT8S2wJFNAyBMnGVZgL";"0.477";"0.433";"11";"-6.473";"0";"0.0247";"0.689";"0.000195";"0.151";"0.611";"82.52";"audio_features";"3"
"282";"282";"3ohupB1Wm1Cvcyre7rtS9p";"0.43";"0.436";"8";"-4.816";"1";"0.119";"0.17";"0";"0.128";"0.217";"90.053";"audio_features";"4"
"283";"283";"2ZRBKVRMQ9OK4EeTaMHHSY";"0.421";"0.119";"5";"-17.46";"1";"0.0304";"0.989";"0.146";"0.101";"0.218";"94.016";"audio_features";"4"
"284";"284";"7uBbsdK7I1VScBFwjRlhUV";"0.467";"0.661";"3";"-6.457";"0";"0.292";"0.585";"0";"0.123";"0.461";"96.923";"audio_features";"4"
"285";"285";"7uBbsdK7I1VScBFwjRlhUV";"0.467";"0.661";"3";"-6.457";"0";"0.292";"0.585";"0";"0.123";"0.461";"96.923";"audio_features";"4"
"286";"286";"7uBbsdK7I1VScBFwjRlhUV";"0.467";"0.661";"3";"-6.457";"0";"0.292";"0.585";"0";"0.123";"0.461";"96.923";"audio_features";"4"
"287";"287";"5qEzURrIp2mJbfgBXNnQeD";"0.708";"0.721";"11";"-5.96";"0";"0.231";"0.171";"4.57e-05";"0.407";"0.653";"160.061";"audio_features";"4"
"288";"288";"4XNPZFA6HMhkIkbJBDo70X";"0.414";"0.526";"11";"-8.69";"0";"0.151";"0.614";"0.000277";"0.214";"0.236";"74.443";"audio_features";"4"
"289";"289";"51KKQAgYFoJHgVIuJWHdHb";"0.732";"0.705";"9";"-9.271";"1";"0.0349";"0.626";"0.00068";"0.0813";"0.848";"117.925";"audio_features";"4"
"290";"290";"616RzRTc1e0l2iacJR7Q8c";"0.799";"0.744";"1";"-5.78";"1";"0.0383";"0.104";"0";"0.289";"0.976";"127.995";"audio_features";"4"
"291";"291";"5jq3Lzz8Y4ROTFlOyMQYdW";"0.446";"0.588";"8";"-9.464";"0";"0.242";"0.656";"1.94e-06";"0.243";"0.594";"77.177";"audio_features";"4"
"292";"292";"5jq3Lzz8Y4ROTFlOyMQYdW";"0.446";"0.588";"8";"-9.464";"0";"0.242";"0.656";"1.94e-06";"0.243";"0.594";"77.177";"audio_features";"4"
"293";"293";"5jq3Lzz8Y4ROTFlOyMQYdW";"0.446";"0.588";"8";"-9.464";"0";"0.242";"0.656";"1.94e-06";"0.243";"0.594";"77.177";"audio_features";"4"
"294";"294";"3f3HHRPF5vAo90GwdpDMaQ";"0.472";"0.805";"8";"-5.793";"1";"0.086";"0.0491";"0.0162";"0.337";"0.512";"94.922";"audio_features";"4"
"295";"295";"41bIQPBE1lFN0mmw6Lmssz";"0.547";"0.807";"6";"-4.083";"0";"0.36";"0.388";"9.11e-05";"0.0436";"0.919";"79.823";"audio_features";"3"
"296";"296";"41bIQPBE1lFN0mmw6Lmssz";"0.547";"0.807";"6";"-4.083";"0";"0.36";"0.388";"9.11e-05";"0.0436";"0.919";"79.823";"audio_features";"3"
"297";"297";"0r1sOGFlp5or50ez2NQr95";"0.594";"0.703";"2";"-3.105";"1";"0.0484";"0.442";"0.000121";"0.058";"0.924";"119.701";"audio_features";"4"
"298";"298";"0ZwlxoHAnvkCRjsOrHAleU";"0.408";"0.875";"5";"-6.036";"1";"0.0301";"0.0299";"0.823";"0.169";"0.56";"150.782";"audio_features";"4"
"299";"299";"27REOQk3qsqXWTVLn400EW";"0.733";"0.585";"11";"-7.02";"1";"0.0393";"0.0404";"0.0303";"0.129";"0.781";"95.403";"audio_features";"4"
"300";"300";"300";"300";"300";"300";"300";"300";"300";"300";"300";"300";"300";"300";"300";"300"
"301";"301";"5ri1eHrCedAEkz0XgNIrhG";"0.689";"0.34";"6";"-11.123";"1";"0.167";"0.379";"0.773";"0.111";"0.246";"141.949";"audio_features";"4"
"302";"302";"5KapB9KJnRsZrprzIAXycW";"0.534";"0.596";"6";"-10.289";"1";"0.388";"0.641";"2.16e-05";"0.276";"0.908";"185.733";"audio_features";"4"
"303";"303";"6PkHqAw4FEjD2vsT5IEWdN";"0.417";"0.731";"11";"-4.989";"1";"0.265";"0.00525";"0.0352";"0.621";"0.575";"134.003";"audio_features";"1"
"304";"304";"6PkHqAw4FEjD2vsT5IEWdN";"0.417";"0.731";"11";"-4.989";"1";"0.265";"0.00525";"0.0352";"0.621";"0.575";"134.003";"audio_features";"1"
"305";"305";"6Ia0FTYxZArIJwkfknkvxH";"0.774";"0.992";"4";"-1.576";"0";"0.0526";"0.011";"0";"0.282";"0.601";"123.997";"audio_features";"4"
"306";"306";"6Ia0FTYxZArIJwkfknkvxH";"0.774";"0.992";"4";"-1.576";"0";"0.0526";"0.011";"0";"0.282";"0.601";"123.997";"audio_features";"4"
"307";"307";"51rPRW8NjxZoWPPjnRGzHw";"0.704";"0.487";"9";"-6.407";"0";"0.0604";"0.669";"8.64e-05";"0.111";"0.313";"121.726";"audio_features";"4"
"308";"308";"51rPRW8NjxZoWPPjnRGzHw";"0.704";"0.487";"9";"-6.407";"0";"0.0604";"0.669";"8.64e-05";"0.111";"0.313";"121.726";"audio_features";"4"
"309";"309";"2ruS06S77No3Tflkybora9";"0.26";"0.867";"1";"-6.163";"1";"0.0452";"6.75e-06";"0.000665";"0.0575";"0.662";"141.589";"audio_features";"4"
"310";"310";"1NE6Fap1gwfEN0RfWvCz34";"0.789";"0.598";"6";"-9.525";"0";"0.0403";"0.172";"0.568";"0.11";"0.613";"116.997";"audio_features";"4"
"311";"311";"1Cf6rQKZzKf9c0DdzCAadJ";"0.711";"0.636";"10";"-7.367";"1";"0.0536";"0.226";"0.000209";"0.247";"0.965";"95.417";"audio_features";"4"
"312";"312";"6bB5iGatJHiqnoxMZDsySr";"0.914";"0.545";"1";"-7.323";"1";"0.459";"0.119";"0";"0.395";"0.802";"134.057";"audio_features";"4"
"313";"313";"5e5MKPtJuFb8NaeSEyV5gD";"0.611";"0.4";"0";"-10.197";"0";"0.0304";"0.59";"0.174";"0.109";"0.313";"172.662";"audio_features";"4"
"314";"314";"1C8yDcVIhBObN58cSS8oX9";"0.859";"0.494";"10";"-8.505";"1";"0.34";"0.043";"0";"0.109";"0.137";"77.456";"audio_features";"4"
"315";"315";"1C8yDcVIhBObN58cSS8oX9";"0.859";"0.494";"10";"-8.505";"1";"0.34";"0.043";"0";"0.109";"0.137";"77.456";"audio_features";"4"
"316";"316";"0idjTHGhGRBdWTmsalq3tF";"0.573";"0.896";"0";"-6.462";"1";"0.0341";"0.61";"0.0157";"0.23";"0.549";"120.006";"audio_features";"4"
"317";"317";"7yMiX7n9SBvadzox8T5jzT";"0.663";"0.694";"10";"-8.627";"0";"0.172";"0.0249";"0";"0.0698";"0.524";"167.964";"audio_features";"4"
"318";"318";"3f3vW2F2ZOOXPgKXL8Pg3h";"0.622";"0.674";"6";"-7.097";"0";"0.0719";"0.131";"0";"0.402";"0.438";"114.958";"audio_features";"4"
"319";"319";"3f3vW2F2ZOOXPgKXL8Pg3h";"0.622";"0.674";"6";"-7.097";"0";"0.0719";"0.131";"0";"0.402";"0.438";"114.958";"audio_features";"4"
"320";"320";"2zeZKCbHujxCfB6e45S8fk";"0.856";"0.383";"9";"-8.725";"0";"0.136";"0.319";"0.000333";"0.0978";"0.525";"88.014";"audio_features";"4"
"321";"321";"2zeZKCbHujxCfB6e45S8fk";"0.856";"0.383";"9";"-8.725";"0";"0.136";"0.319";"0.000333";"0.0978";"0.525";"88.014";"audio_features";"4"
"322";"322";"23XmBijMpljQqee05QvmTt";"0.617";"0.495";"3";"-8.63";"1";"0.213";"0.757";"0.0118";"0.139";"0.676";"144.887";"audio_features";"4"
"323";"323";"23XmBijMpljQqee05QvmTt";"0.617";"0.495";"3";"-8.63";"1";"0.213";"0.757";"0.0118";"0.139";"0.676";"144.887";"audio_features";"4"
"324";"324";"23XmBijMpljQqee05QvmTt";"0.617";"0.495";"3";"-8.63";"1";"0.213";"0.757";"0.0118";"0.139";"0.676";"144.887";"audio_features";"4"
"325";"325";"0M2Mt7RzKZb9LNRFbNulKO";"0.826";"0.64";"5";"-6.488";"1";"0.0405";"0.168";"0.257";"0.105";"0.664";"123.03";"audio_features";"4"
"326";"326";"0M2Mt7RzKZb9LNRFbNulKO";"0.826";"0.64";"5";"-6.488";"1";"0.0405";"0.168";"0.257";"0.105";"0.664";"123.03";"audio_features";"4"
"327";"327";"61WoUNL65js7yo74poi6TC";"0.527";"0.865";"7";"-6.226";"1";"0.0668";"0.0671";"4.46e-05";"0.165";"0.847";"136.254";"audio_features";"4"
"328";"328";"7E61rZReVKEqaaOxy5mIMC";"0.816";"0.61";"0";"-8.411";"1";"0.0563";"0.0904";"2.02e-05";"0.0897";"0.913";"110.008";"audio_features";"4"
"329";"329";"2ZVRyUFQTI5K99wpJElGrD";"0.629";"0.676";"1";"-7.088";"0";"0.191";"0.53";"0.000325";"0.701";"0.497";"90.377";"audio_features";"4"
"330";"330";"6Ix6GtiZ4MTic77qF8YVHe";"0.909";"0.63";"1";"-2.883";"1";"0.121";"0.124";"0";"0.063";"0.475";"113.012";"audio_features";"4"
"331";"331";"6Ix6GtiZ4MTic77qF8YVHe";"0.909";"0.63";"1";"-2.883";"1";"0.121";"0.124";"0";"0.063";"0.475";"113.012";"audio_features";"4"
"332";"332";"6Ix6GtiZ4MTic77qF8YVHe";"0.909";"0.63";"1";"-2.883";"1";"0.121";"0.124";"0";"0.063";"0.475";"113.012";"audio_features";"4"
"333";"333";"10lH0XzazuF6FUnofOwN9a";"0.653";"0.91";"6";"-3.797";"1";"0.319";"0.114";"0";"0.111";"0.818";"91.102";"audio_features";"4"
"334";"334";"10lH0XzazuF6FUnofOwN9a";"0.653";"0.91";"6";"-3.797";"1";"0.319";"0.114";"0";"0.111";"0.818";"91.102";"audio_features";"4"
"335";"335";"44Yrt6xIUdcooTbDh57hrF";"0.763";"0.52";"1";"-8.53";"1";"0.0974";"0.151";"0.0134";"0.0974";"0.521";"105.02";"audio_features";"4"
"336";"336";"44Yrt6xIUdcooTbDh57hrF";"0.763";"0.52";"1";"-8.53";"1";"0.0974";"0.151";"0.0134";"0.0974";"0.521";"105.02";"audio_features";"4"
"337";"337";"5RjbFGeWVsCpw8EcE8OrvZ";"0.851";"0.682";"10";"-6.114";"0";"0.25";"0.0178";"0";"0.0741";"0.332";"92.732";"audio_features";"4"
"338";"338";"5RjbFGeWVsCpw8EcE8OrvZ";"0.851";"0.682";"10";"-6.114";"0";"0.25";"0.0178";"0";"0.0741";"0.332";"92.732";"audio_features";"4"
"339";"339";"5RjbFGeWVsCpw8EcE8OrvZ";"0.851";"0.682";"10";"-6.114";"0";"0.25";"0.0178";"0";"0.0741";"0.332";"92.732";"audio_features";"4"
"340";"340";"1ulZIB4QWZrkg6LhhRJrTv";"0.725";"0.689";"5";"-8.732";"0";"0.0646";"0.116";"0.0014";"0.122";"0.577";"103.992";"audio_features";"4"
"341";"341";"1ulZIB4QWZrkg6LhhRJrTv";"0.725";"0.689";"5";"-8.732";"0";"0.0646";"0.116";"0.0014";"0.122";"0.577";"103.992";"audio_features";"4"
"342";"342";"1ulZIB4QWZrkg6LhhRJrTv";"0.725";"0.689";"5";"-8.732";"0";"0.0646";"0.116";"0.0014";"0.122";"0.577";"103.992";"audio_features";"4"
"343";"343";"1ulZIB4QWZrkg6LhhRJrTv";"0.725";"0.689";"5";"-8.732";"0";"0.0646";"0.116";"0.0014";"0.122";"0.577";"103.992";"audio_features";"4"
"344";"344";"1ulZIB4QWZrkg6LhhRJrTv";"0.725";"0.689";"5";"-8.732";"0";"0.0646";"0.116";"0.0014";"0.122";"0.577";"103.992";"audio_features";"4"
"345";"345";"08MChfwzCjuzC5jD4tDZ74";"0.849";"0.723";"5";"-5.093";"0";"0.046";"0.028";"0.12";"0.235";"0.552";"115.031";"audio_features";"4"
"346";"346";"3YKb4RfxFidWLwfbM9kief";"0.778";"0.618";"10";"-7.499";"1";"0.101";"0.103";"0.00135";"0.356";"0.671";"143.967";"audio_features";"4"
"347";"347";"3YKb4RfxFidWLwfbM9kief";"0.778";"0.618";"10";"-7.499";"1";"0.101";"0.103";"0.00135";"0.356";"0.671";"143.967";"audio_features";"4"
"348";"348";"3YKb4RfxFidWLwfbM9kief";"0.778";"0.618";"10";"-7.499";"1";"0.101";"0.103";"0.00135";"0.356";"0.671";"143.967";"audio_features";"4"
"349";"349";"1DCLOAT1E5NDZDupAE95ka";"0.645";"0.779";"6";"-7.265";"0";"0.316";"0.324";"0";"0.65";"0.368";"98.405";"audio_features";"4"
"350";"350";"350";"350";"350";"350";"350";"350";"350";"350";"350";"350";"350";"350";"350";"350"
"351";"351";"2HJQcyUpmUuvzS5vBAICIc";"0.776";"0.715";"5";"-6.587";"0";"0.0505";"0.0971";"0.0131";"0.247";"0.502";"99.951";"audio_features";"4"
"352";"352";"2HJQcyUpmUuvzS5vBAICIc";"0.776";"0.715";"5";"-6.587";"0";"0.0505";"0.0971";"0.0131";"0.247";"0.502";"99.951";"audio_features";"4"
"353";"353";"2HJQcyUpmUuvzS5vBAICIc";"0.776";"0.715";"5";"-6.587";"0";"0.0505";"0.0971";"0.0131";"0.247";"0.502";"99.951";"audio_features";"4"
"354";"354";"7ADcBtMDWTDWAUyR3IFquc";"0.565";"0.306";"2";"-6.797";"1";"0.0273";"0.91";"0.101";"0.312";"0.247";"77.181";"audio_features";"4"
"355";"355";"1oy0UIGzuqIPBkOsjojeJ1";"0.389";"0.696";"5";"-5.251";"1";"0.0402";"0.0619";"0.43";"0.546";"0.65";"153.245";"audio_features";"5"
"356";"356";"5r5cp9IpziiIsR6b93vcnQ";"0.871";"0.701";"5";"-5.594";"0";"0.0458";"0.257";"7.52e-06";"0.0589";"0.716";"126.975";"audio_features";"4"
"357";"357";"672iSaub8854HyGX1DEwYF";"0.499";"0.433";"2";"-11.518";"1";"0.632";"0.862";"0.0025";"0.0875";"0.391";"78.263";"audio_features";"4"
"358";"358";"0u695M7KyzXaPIjpEbxOkB";"0.651";"0.833";"1";"-3.356";"1";"0.172";"0.0214";"0";"0.14";"0.443";"155.051";"audio_features";"4"
"359";"359";"0u695M7KyzXaPIjpEbxOkB";"0.651";"0.833";"1";"-3.356";"1";"0.172";"0.0214";"0";"0.14";"0.443";"155.051";"audio_features";"4"
"360";"360";"3woRy7uxzl1lO2XO99oHsN";"0.686";"0.469";"1";"-9.065";"1";"0.291";"0.612";"0";"0.121";"0.156";"72.998";"audio_features";"4"
"361";"361";"5g3TDpgy1J1woAUVuj21EE";"0.622";"0.873";"9";"-4.255";"0";"0.0366";"0.00603";"1.25e-05";"0.131";"0.434";"111.984";"audio_features";"4"
"362";"362";"70gbuMqwNBE2Y5rkQJE9By";"0.503";"0.265";"2";"-15.913";"1";"0.0333";"0.943";"0.045";"0.0867";"0.522";"78.044";"audio_features";"4"
"363";"363";"2x4Wu8WR2X47rMBgWVWBnU";"0.592";"0.43";"6";"-9.403";"0";"0.378";"0.458";"0.000151";"0.109";"0.323";"175.994";"audio_features";"4"
"364";"364";"2x4Wu8WR2X47rMBgWVWBnU";"0.592";"0.43";"6";"-9.403";"0";"0.378";"0.458";"0.000151";"0.109";"0.323";"175.994";"audio_features";"4"
"365";"365";"2x4Wu8WR2X47rMBgWVWBnU";"0.592";"0.43";"6";"-9.403";"0";"0.378";"0.458";"0.000151";"0.109";"0.323";"175.994";"audio_features";"4"
"366";"366";"5uLZ3YIQGC0mOk6q3lJ6Ng";"0.417";"0.731";"11";"-4.989";"1";"0.265";"0.00525";"0.0352";"0.621";"0.575";"134.003";"audio_features";"1"
"367";"367";"5uLZ3YIQGC0mOk6q3lJ6Ng";"0.417";"0.731";"11";"-4.989";"1";"0.265";"0.00525";"0.0352";"0.621";"0.575";"134.003";"audio_features";"1"
"368";"368";"2eJnv9FRuIjXarmtaFlpJw";"0.609";"0.903";"7";"-4.667";"1";"0.0499";"0.00198";"1.73e-06";"0.601";"0.825";"131.904";"audio_features";"4"
"369";"369";"6K4t31amVTZDgR3sKmwUJJ";"0.64";"0.74";"4";"-4.083";"1";"0.0284";"0.0115";"0.00678";"0.167";"0.785";"116.879";"audio_features";"4"
"370";"370";"54aURycd2LR2BDKCC3xZTs";"0.773";"0.466";"9";"-6.211";"1";"0.0635";"0.337";"0";"0.0805";"0.432";"146.871";"audio_features";"4"
"371";"371";"7yOSgtiHgyhloC3D8TncjA";"0.617";"0.166";"4";"-16.881";"1";"0.263";"0.864";"0.0142";"0.114";"0.37";"120.022";"audio_features";"3"
"372";"372";"2LVUGPEjGfTkLg7tfuhSyB";"0.338";"0.687";"10";"-10.377";"1";"0.0969";"0.758";"5.31e-05";"0.0762";"0.546";"73.513";"audio_features";"4"
"373";"373";"2LVUGPEjGfTkLg7tfuhSyB";"0.338";"0.687";"10";"-10.377";"1";"0.0969";"0.758";"5.31e-05";"0.0762";"0.546";"73.513";"audio_features";"4"
"374";"374";"2LVUGPEjGfTkLg7tfuhSyB";"0.338";"0.687";"10";"-10.377";"1";"0.0969";"0.758";"5.31e-05";"0.0762";"0.546";"73.513";"audio_features";"4"
"375";"375";"1It1TxBK3xIQAB4xJkPevn";"0.692";"0.57";"7";"-8.077";"1";"0.185";"0.666";"0";"0.107";"0.309";"91.917";"audio_features";"4"
"376";"376";"6CuFNqgHYbHenYaT4u3C5r";"0.688";"0.421";"11";"-9.015";"0";"0.0445";"0.723";"0.625";"0.0734";"0.623";"138";"audio_features";"4"
"377";"377";"4Z4xFENnvMnRDPpAx5wpaO";"0.375";"0.894";"2";"-6.366";"1";"0.0974";"0.0545";"0";"0.593";"0.324";"115.366";"audio_features";"4"
"378";"378";"54IbnYEdA3ymfxv07WgN3b";"0.853";"0.604";"3";"-5.794";"0";"0.0511";"0.0696";"1.65e-06";"0.135";"0.86";"116";"audio_features";"4"
"379";"379";"4tph7twTQ2WSXfSG5Y25Cp";"0.549";"0.639";"4";"-8.553";"1";"0.396";"0.0442";"0.000405";"0.121";"0.116";"191.921";"audio_features";"4"
"380";"380";"4tph7twTQ2WSXfSG5Y25Cp";"0.549";"0.639";"4";"-8.553";"1";"0.396";"0.0442";"0.000405";"0.121";"0.116";"191.921";"audio_features";"4"
"381";"381";"4tph7twTQ2WSXfSG5Y25Cp";"0.549";"0.639";"4";"-8.553";"1";"0.396";"0.0442";"0.000405";"0.121";"0.116";"191.921";"audio_features";"4"
"382";"382";"3gVuz4Bhvxb2J0iGSH8bCZ";"0.624";"0.252";"2";"-11.502";"1";"0.03";"0.931";"0.000423";"0.104";"0.367";"107";"audio_features";"4"
"383";"383";"0YAQnYt2oB8OdoaeqnHyTI";"0.755";"0.594";"7";"-5.906";"1";"0.216";"0.241";"0";"0.107";"0.237";"178.929";"audio_features";"4"
"384";"384";"0YAQnYt2oB8OdoaeqnHyTI";"0.755";"0.594";"7";"-5.906";"1";"0.216";"0.241";"0";"0.107";"0.237";"178.929";"audio_features";"4"
"385";"385";"58drL48d8lSmr8I5ZIQo5C";"0.752";"0.818";"7";"-6.265";"1";"0.0798";"0.0873";"0.00165";"0.112";"0.431";"142.363";"audio_features";"4"
"386";"386";"1DriOnyA5tFc2bUdM6nglI";"0.824";"0.75";"10";"-7.646";"0";"0.0477";"0.177";"0.0356";"0.0705";"0.705";"116.005";"audio_features";"4"
"387";"387";"3FJGXFGCfTboarfo8TQRbs";"0.651";"0.775";"5";"-4.566";"1";"0.0264";"0.00476";"0.154";"0.382";"0.73";"142.027";"audio_features";"4"
"388";"388";"4PevTpnIWy2D1wIQZY3MmX";"0.733";"0.679";"7";"-6.162";"1";"0.207";"0.296";"0";"0.605";"0.882";"93.972";"audio_features";"4"
"389";"389";"0JYAsQJWIuaYUvZGF1qapT";"0.684";"0.791";"5";"-4.435";"1";"0.309";"0.0939";"0";"0.359";"0.529";"153.992";"audio_features";"4"
"390";"390";"0JYAsQJWIuaYUvZGF1qapT";"0.684";"0.791";"5";"-4.435";"1";"0.309";"0.0939";"0";"0.359";"0.529";"153.992";"audio_features";"4"
"391";"391";"4oDMWlWEcEvMSyeV1VPO2e";"0.468";"0.689";"7";"-8.346";"1";"0.473";"0.494";"0.001";"0.247";"0.442";"77.844";"audio_features";"1"
"392";"392";"2Nh2cMryoXl7BrZoIeN2Pr";"0.753";"0.594";"1";"-9.486";"0";"0.0816";"0.0711";"0";"0.391";"0.562";"112.568";"audio_features";"4"
"393";"393";"2Nh2cMryoXl7BrZoIeN2Pr";"0.753";"0.594";"1";"-9.486";"0";"0.0816";"0.0711";"0";"0.391";"0.562";"112.568";"audio_features";"4"
"394";"394";"3Z6aY997cM7QK28xjEF5EJ";"0.611";"0.361";"1";"-12.958";"1";"0.0285";"0.797";"0.622";"0.0823";"0.485";"85.786";"audio_features";"4"
"395";"395";"1rqduvolf1CVHSzY519bPp";"0.44";"0.526";"11";"-6.28";"0";"0.245";"0.629";"0";"0.321";"0.375";"75.943";"audio_features";"4"
"396";"396";"0IabpxMpUV7waD7U4uDIMJ";"0.507";"0.464";"3";"-8.531";"0";"0.171";"0.398";"2.62e-05";"0.603";"0.277";"147.984";"audio_features";"4"
"397";"397";"48wH8bAxvBJO2l14GmNLz7";"0.773";"0.36";"0";"-9.722";"1";"0.0955";"0.501";"0.00409";"0.0823";"0.681";"79.207";"audio_features";"4"
"398";"398";"6AHMc5LWgc5rL7NGPO5Nb2";"0.261";"0.259";"2";"-14.991";"1";"0.0382";"0.61";"9.55e-06";"0.0833";"0.328";"179.34";"audio_features";"3"
"399";"399";"0QpYkajexWrB0P3TWvkHlm";"0.586";"0.717";"8";"-8.543";"0";"0.197";"0.472";"0.00236";"0.104";"0.306";"125.007";"audio_features";"4"
"400";"400";"400";"400";"400";"400";"400";"400";"400";"400";"400";"400";"400";"400";"400";"400"
"401";"401";"4GXH9A6fzuE0MNtqtzjhLg";"0.671";"0.765";"8";"-5.093";"0";"0.356";"0.0773";"0";"0.0877";"0.382";"148.11";"audio_features";"4"
"402";"402";"7LX4aXtvImhdgUHQBlo8Kp";"0.454";"0.404";"3";"-10.26";"1";"0.027";"0.146";"0.819";"0.141";"0.313";"94.113";"audio_features";"4"
"403";"403";"3kBofOTKMUZ62a311eUwvx";"0.662";"0.297";"8";"-14.525";"1";"0.0301";"0.888";"0.108";"0.119";"0.434";"94.023";"audio_features";"4"
"404";"404";"3kBofOTKMUZ62a311eUwvx";"0.662";"0.297";"8";"-14.525";"1";"0.0301";"0.888";"0.108";"0.119";"0.434";"94.023";"audio_features";"4"
"405";"405";"6uslSzMm1xIuCf5p9ECEtz";"0.475";"0.757";"2";"-7.307";"1";"0.357";"0.195";"0";"0.37";"0.0707";"187.929";"audio_features";"4"
"406";"406";"47vmcuvMWFIsMaiHFIGSIu";"0.431";"0.491";"0";"-10.746";"0";"0.0562";"0.441";"0.000458";"0.134";"0.577";"148.243";"audio_features";"4"
"407";"407";"2wUnFLr2k5491Pv4cUYd83";"0.808";"0.541";"3";"-6.525";"1";"0.252";"0.855";"0.000977";"0.142";"0.811";"92.132";"audio_features";"4"
"408";"408";"6GFPH4i0jmbQ05OmuJnL2s";"0.485";"0.663";"8";"-9.056";"0";"0.411";"0.382";"0";"0.342";"0.705";"91.72";"audio_features";"4"
"409";"409";"6GFPH4i0jmbQ05OmuJnL2s";"0.485";"0.663";"8";"-9.056";"0";"0.411";"0.382";"0";"0.342";"0.705";"91.72";"audio_features";"4"
"410";"410";"3DbBgbnDUOml329rAp2Tbr";"0.905";"0.562";"8";"-7.884";"1";"0.0662";"0.453";"0.000285";"0.13";"0.507";"139.997";"audio_features";"4"
"411";"411";"1galXx6lnM5CJHBp5oNZ2s";"0.573";"0.462";"7";"-14.25";"1";"0.32";"0.273";"2.62e-06";"0.389";"0.607";"84.307";"audio_features";"4"
"412";"412";"0eWxDnXDbsR4h1kVk6rZdy";"0.835";"0.386";"10";"-8.559";"0";"0.0896";"0.227";"0.00752";"0.109";"0.347";"114.048";"audio_features";"4"
"413";"413";"6F1D4x7Ifrwt5t5MleYFp3";"0.708";"0.427";"11";"-9.511";"1";"0.241";"0.194";"0.00602";"0.0918";"0.619";"90.24";"audio_features";"4"
"414";"414";"6F1D4x7Ifrwt5t5MleYFp3";"0.708";"0.427";"11";"-9.511";"1";"0.241";"0.194";"0.00602";"0.0918";"0.619";"90.24";"audio_features";"4"
"415";"415";"7xNA8hG6n4WcoIkAwo3vn5";"0.286";"0.867";"4";"-5.834";"1";"0.045";"0.000223";"0.000287";"0.993";"0.161";"160.093";"audio_features";"3"
"416";"416";"7xNA8hG6n4WcoIkAwo3vn5";"0.286";"0.867";"4";"-5.834";"1";"0.045";"0.000223";"0.000287";"0.993";"0.161";"160.093";"audio_features";"3"
"417";"417";"1UKd207NfxFvKpOiuguKhe";"0.841";"0.611";"5";"-8.71";"0";"0.332";"0.0554";"0.0037";"0.672";"0.65";"113.073";"audio_features";"4"
"418";"418";"1UKd207NfxFvKpOiuguKhe";"0.841";"0.611";"5";"-8.71";"0";"0.332";"0.0554";"0.0037";"0.672";"0.65";"113.073";"audio_features";"4"
"419";"419";"4YLTFu7iyC3q34dvf5hRDq";"0.644";"0.748";"4";"-7.241";"0";"0.0291";"0.394";"0.91";"0.358";"0.732";"120.007";"audio_features";"4"
"420";"420";"7gDwRzJhLs0fFHaGtMDJVM";"0.828";"0.487";"6";"-6.142";"0";"0.0343";"0.247";"1.86e-05";"0.136";"0.761";"85.027";"audio_features";"4"
"421";"421";"7gDwRzJhLs0fFHaGtMDJVM";"0.828";"0.487";"6";"-6.142";"0";"0.0343";"0.247";"1.86e-05";"0.136";"0.761";"85.027";"audio_features";"4"
"422";"422";"7HdNB8nvJOBwHa8hIkzvxp";"0.715";"0.617";"11";"-5.558";"0";"0.24";"0.0996";"3.41e-06";"0.186";"0.283";"176.117";"audio_features";"4"
"423";"423";"1kcYXhergVnh8F6qOZie6s";"0.848";"0.51";"8";"-8.546";"1";"0.0801";"0.122";"0.000151";"0.0819";"0.648";"104.016";"audio_features";"4"
"424";"424";"1kcYXhergVnh8F6qOZie6s";"0.848";"0.51";"8";"-8.546";"1";"0.0801";"0.122";"0.000151";"0.0819";"0.648";"104.016";"audio_features";"4"
"425";"425";"1kcYXhergVnh8F6qOZie6s";"0.848";"0.51";"8";"-8.546";"1";"0.0801";"0.122";"0.000151";"0.0819";"0.648";"104.016";"audio_features";"4"
"426";"426";"67oyFnjJnn78fZP9KjeZx0";"0.42";"0.668";"1";"-7.35";"1";"0.0517";"0.607";"0.016";"0.0585";"0.338";"125.391";"audio_features";"4"
"427";"427";"61VlApj8p2ZaP0WTunTrKT";"0.782";"0.597";"1";"-6.399";"1";"0.335";"0.0568";"0";"0.582";"0.528";"94.631";"audio_features";"4"
"428";"428";"61VlApj8p2ZaP0WTunTrKT";"0.782";"0.597";"1";"-6.399";"1";"0.335";"0.0568";"0";"0.582";"0.528";"94.631";"audio_features";"4"
"429";"429";"1OxL1FWSEd7QmJoWLRP2NO";"0.71";"0.662";"10";"-5.947";"0";"0.175";"0.42";"0";"0.0723";"0.755";"130.037";"audio_features";"4"
"430";"430";"1OxL1FWSEd7QmJoWLRP2NO";"0.71";"0.662";"10";"-5.947";"0";"0.175";"0.42";"0";"0.0723";"0.755";"130.037";"audio_features";"4"
"431";"431";"7GqMTWXnrPMaSEnhFtFkgb";"0.776";"0.417";"5";"-12.947";"0";"0.0495";"0.112";"0.462";"0.133";"0.608";"103";"audio_features";"4"
"432";"432";"7GqMTWXnrPMaSEnhFtFkgb";"0.776";"0.417";"5";"-12.947";"0";"0.0495";"0.112";"0.462";"0.133";"0.608";"103";"audio_features";"4"
"433";"433";"2FML7gk7ac6quGFIjvkDb3";"0.472";"0.772";"5";"-5.928";"1";"0.0316";"0.00658";"5.65e-05";"0.132";"0.6";"139.993";"audio_features";"4"
"434";"434";"1jT5PR6zlC3OhucswM5qdu";"0.318";"0.371";"11";"-7.862";"0";"0.0306";"0.645";"1.97e-06";"0.157";"0.262";"91.998";"audio_features";"4"
"435";"435";"75ZoDBdTAO9e896PtMsbnG";"0.809";"0.656";"5";"-6.67";"1";"0.297";"0.524";"0.00455";"0.075";"0.786";"88.934";"audio_features";"4"
"436";"436";"1FseBXHmYLnX1XcGsQKH3j";"0.572";"0.386";"10";"-12.247";"1";"0.0276";"0.44";"0.0036";"0.099";"0.44";"130.582";"audio_features";"4"
"437";"437";"2N4idqj9TT3HnH2OFT9j0v";"0.709";"0.496";"1";"-10.528";"0";"0.0417";"0.581";"0.195";"0.151";"0.469";"78.477";"audio_features";"4"
"438";"438";"0eEXcw3JLVXcRxYrVYMy68";"0.866";"0.534";"11";"-9.201";"1";"0.229";"0.184";"0.266";"0.0929";"0.841";"98.243";"audio_features";"4"
"439";"439";"5VPFATm85G3P04Q5g8yxqr";"0.901";"0.364";"11";"-7.183";"0";"0.198";"0.606";"0";"0.106";"0.777";"122.064";"audio_features";"4"
"440";"440";"5VynbUHg71DFioQVKXl1vL";"0.51";"0.694";"2";"-4.689";"1";"0.0423";"0.147";"0.000113";"0.698";"0.479";"159.958";"audio_features";"4"
"441";"441";"5VynbUHg71DFioQVKXl1vL";"0.51";"0.694";"2";"-4.689";"1";"0.0423";"0.147";"0.000113";"0.698";"0.479";"159.958";"audio_features";"4"
"442";"442";"3VeuvRWfJLSOzeVPrgi5MR";"0.816";"0.433";"6";"-6.372";"1";"0.177";"0.0717";"1.42e-05";"0.12";"0.713";"129.852";"audio_features";"4"
"443";"443";"6gBq5NXuCXdZdUxipVaNsK";"0.651";"0.712";"0";"-6.79";"1";"0.0429";"0.64";"6.09e-05";"0.0738";"0.804";"82.961";"audio_features";"4"
"444";"444";"6i6cWTCYBOKEdJnWjzm2yk";"0.61";"0.856";"11";"-3.974";"1";"0.325";"0.0879";"0";"0.289";"0.67";"91.77";"audio_features";"4"
"445";"445";"6i6cWTCYBOKEdJnWjzm2yk";"0.61";"0.856";"11";"-3.974";"1";"0.325";"0.0879";"0";"0.289";"0.67";"91.77";"audio_features";"4"
"446";"446";"6cCjkGOjdA2F3C3ZShdm40";"0.87";"0.68";"5";"-8.201";"0";"0.055";"0.0339";"0.00758";"0.0691";"0.873";"115.369";"audio_features";"4"
"447";"447";"6C5hEhWg9UUPaxdmXQUjeq";"0.831";"0.663";"11";"-6.36";"0";"0.336";"0.0791";"0";"0.18";"0.642";"145.941";"audio_features";"4"
"448";"448";"439X8jGytErRiPnaoUJHju";"0.835";"0.527";"7";"-7.272";"0";"0.128";"0.204";"0.000423";"0.283";"0.611";"106.003";"audio_features";"4"
"449";"449";"439X8jGytErRiPnaoUJHju";"0.835";"0.527";"7";"-7.272";"0";"0.128";"0.204";"0.000423";"0.283";"0.611";"106.003";"audio_features";"4"
"450";"450";"450";"450";"450";"450";"450";"450";"450";"450";"450";"450";"450";"450";"450";"450"
"451";"451";"1lWK70HfYRFZtWJUwUrY48";"0.688";"0.642";"4";"-5.567";"0";"0.321";"0.221";"0";"0.2";"0.341";"160.319";"audio_features";"4"
"452";"452";"46mG78YqOzx1J6e6BL0SrH";"0.636";"0.921";"10";"-2.696";"1";"0.0735";"0.0214";"0";"0.134";"0.647";"92.024";"audio_features";"4"
"453";"453";"00762tXbSj2w2bQMVydJZn";"0.756";"0.532";"9";"-5.096";"1";"0.0764";"0.0948";"8.93e-06";"0.111";"0.571";"172.096";"audio_features";"4"
"454";"454";"454";"454";"454";"454";"454";"454";"454";"454";"454";"454";"454";"454";"454";"454"
